model_name,draft_model_name,device,impl,batch_size,max_tokens,k,num_prompts,repeats,vanilla_tok_s,vanilla_tok_s_std,specdec_tok_s,specdec_tok_s_std,speedup,speedup_std,acceptance_rate,acceptance_rate_std,total_time_vanilla,total_time_specdec,total_tokens_vanilla,total_tokens_specdec,total_proposed,total_accepted
sshleifer/tiny-gpt2,sshleifer/tiny-gpt2,cpu,torch,1,64,1,32,2,1074.7656002087488,3.2686119105177953,197.49659476130313,0.3151661140948216,0.18375823417735454,0.000265609765271186,1.0,0.0,1.9055405855178833,10.369812250137329,2048,2048,2048,2048
sshleifer/tiny-gpt2,sshleifer/tiny-gpt2,cpu,torch,1,64,2,32,2,1074.4011144366248,1.0857305136096878,281.6642826658517,13.322443065774076,0.2621657350924166,0.012664808534866278,1.0,0.0,1.9061791896820068,7.2792099714279175,2048,2048,2048,2048
sshleifer/tiny-gpt2,sshleifer/tiny-gpt2,cpu,torch,1,64,4,32,2,1065.7513464292094,19.608561433385848,385.3910853279432,0.6136542868079349,0.3616809628913928,0.007230295971727203,1.0,0.0,1.9219743013381958,5.3140891790390015,2048,2048,2048,2048
sshleifer/tiny-gpt2,sshleifer/tiny-gpt2,cpu,torch,2,64,1,32,2,1707.6780625623524,12.725096455238003,334.3625129649455,6.9387872844132445,0.19582007717760663,0.005522479243083979,1.0,0.0,1.1993225812911987,6.126407742500305,2048,2048,2048,2048
sshleifer/tiny-gpt2,sshleifer/tiny-gpt2,cpu,torch,2,64,2,32,2,1717.5876065003151,0.3057445074804336,458.0968285574885,40.539596190450624,0.26671154488418874,0.02365011346533207,1.0,0.0,1.192370057106018,4.488245368003845,2048,2048,2048,2048
sshleifer/tiny-gpt2,sshleifer/tiny-gpt2,cpu,torch,2,64,4,32,2,1716.8458885718787,4.909748020137518,622.8690934505862,4.870981303297509,0.3627959152592891,0.001799663439337227,1.0,0.0,1.1928900480270386,3.288110852241516,2048,2048,2048,2048
sshleifer/tiny-gpt2,sshleifer/tiny-gpt2,cpu,torch,4,64,1,32,2,3149.2934601492416,17.129361211470687,595.328016735926,10.10200972372599,0.18902949410234404,0.0021795540258417417,1.0,0.0,0.650314211845398,3.440615653991699,2048,2048,2048,2048
sshleifer/tiny-gpt2,sshleifer/tiny-gpt2,cpu,torch,4,64,2,32,2,3143.583227611928,6.740451711796384,866.6128262695829,0.18905268118929483,0.27567745415510314,0.0006512451240261885,1.0,0.0,0.6514873504638672,2.3632237911224365,2048,2048,2048,2048
sshleifer/tiny-gpt2,sshleifer/tiny-gpt2,cpu,torch,4,64,4,32,2,3158.458571370579,8.832722983554538,1134.5150896328353,2.361806476872803,0.35919933659155856,0.0002567397167932748,1.0,0.0,0.6484200954437256,1.8051804304122925,2048,2048,2048,2048
